dateTime,priority,operation,messageCode,protocol,SrcIp,destIp,srcPort,destPort,destService,direction,flags,command
2013-04-14 02:13:27,Info,Teardown,ASA-6-302014,TCP,10.0.3.77,172.10.0.3,58859,25,smtp,inbound,TCP FINs,(empty)
2013-04-14 02:13:32,Info,Teardown,ASA-6-302014,TCP,10.89.101.53,172.10.0.3,58867,25,smtp,inbound,TCP FINs,(empty)
2013-04-14 02:13:34,Info,Built,ASA-6-302013,TCP,10.0.3.77,172.20.0.3,58883,25,smtp,inbound,(empty),(empty)
2013-04-14 02:13:40,Info,Built,ASA-6-302013,TCP,10.38.37.229,172.20.0.3,58891,25,smtp,inbound,(empty),(empty)
2013-04-14 02:13:44,Info,Built,ASA-6-302013,TCP,10.27.200.49,172.10.0.3,58901,25,smtp,inbound,(empty),(empty)
2013-04-14 02:13:44,Info,Teardown,ASA-6-302014,TCP,10.0.3.77,172.20.0.3,58883,25,smtp,inbound,TCP FINs,(empty)
2013-04-14 02:13:46,Info,Built,ASA-6-302013,TCP,10.13.77.4,172.10.0.9,58908,80,http,inbound,(empty),(empty)
2013-04-14 02:13:46,Info,Teardown,ASA-6-302014,TCP,10.13.77.4,172.10.0.9,58908,80,http,inbound,TCP FINs,(empty)
2013-04-14 02:13:48,Info,Built,ASA-6-302013,TCP,10.27.200.49,172.10.0.4,58912,80,http,inbound,(empty),(empty)
2013-04-14 02:13:48,Info,Teardown,ASA-6-302014,TCP,10.27.200.49,172.10.0.4,58912,80,http,inbound,TCP FINs,(empty)
2013-04-14 02:13:50,Info,Built,ASA-6-302013,TCP,10.27.200.49,172.10.0.4,58921,80,http,inbound,(empty),(empty)
2013-04-14 02:13:50,Info,Teardown,ASA-6-302014,TCP,10.27.200.49,172.10.0.4,58921,80,http,inbound,TCP FINs,(empty)
2013-04-14 02:13:50,Info,Teardown,ASA-6-302014,TCP,10.38.37.229,172.20.0.3,58891,25,smtp,inbound,TCP FINs,(empty)
2013-04-14 02:13:51,Info,Built,ASA-6-302013,TCP,10.77.101.2,172.10.0.3,58927,25,smtp,inbound,(empty),(empty)
2013-04-14 02:13:51,Info,Built,ASA-6-302013,TCP,10.179.19.15,172.30.0.3,58930,25,smtp,inbound,(empty),(empty)
2013-04-14 02:13:52,Info,Built,ASA-6-302013,TCP,10.27.200.49,172.10.0.4,58933,80,http,inbound,(empty),(empty)
2013-04-14 02:13:52,Info,Teardown,ASA-6-302014,TCP,10.27.200.49,172.10.0.4,58933,80,http,inbound,TCP FINs,(empty)
2013-04-14 02:13:53,Info,Built,ASA-6-302013,TCP,10.0.2.181,172.20.0.3,58937,25,smtp,inbound,(empty),(empty)
2013-04-14 02:13:54,Info,Built,ASA-6-302013,TCP,10.27.200.49,172.10.0.4,58945,80,http,inbound,(empty),(empty)
2013-04-14 02:13:54,Info,Teardown,ASA-6-302014,TCP,10.27.200.49,172.10.0.4,58945,80,http,inbound,TCP FINs,(empty)
2013-04-14 02:13:54,Info,Teardown,ASA-6-302014,TCP,10.27.200.49,172.10.0.3,58901,25,smtp,inbound,TCP FINs,(empty)
2013-04-14 02:13:56,Info,Built,ASA-6-302013,TCP,10.27.200.49,172.10.0.4,58955,80,http,inbound,(empty),(empty)
2013-04-14 02:13:56,Info,Teardown,ASA-6-302014,TCP,10.27.200.49,172.10.0.4,58955,80,http,inbound,TCP FINs,(empty)
2013-04-14 02:13:57,Info,Built,ASA-6-302013,TCP,10.88.52.24,172.10.0.3,58959,25,smtp,inbound,(empty),(empty)
2013-04-14 02:13:58,Info,Built,ASA-6-302013,TCP,10.27.200.49,172.10.0.4,58968,80,http,inbound,(empty),(empty)
2013-04-14 02:13:58,Info,Teardown,ASA-6-302014,TCP,10.27.200.49,172.10.0.4,58968,80,http,inbound,TCP FINs,(empty)
2013-04-14 02:13:59,Info,Built,ASA-6-302013,TCP,10.13.77.4,172.20.0.3,58972,25,smtp,inbound,(empty),(empty)
2013-04-14 02:14:00,Info,Built,ASA-6-302013,TCP,10.27.200.49,172.10.0.4,58980,80,http,inbound,(empty),(empty)
2013-04-14 02:14:00,Info,Teardown,ASA-6-302014,TCP,10.27.200.49,172.10.0.4,58980,80,http,inbound,TCP FINs,(empty)
2013-04-14 02:14:01,Info,Teardown,ASA-6-302014,TCP,10.77.101.2,172.10.0.3,58927,25,smtp,inbound,TCP FINs,(empty)
2013-04-14 02:14:01,Info,Teardown,ASA-6-302014,TCP,10.179.19.15,172.30.0.3,58930,25,smtp,inbound,TCP FINs,(empty)
2013-04-14 02:14:02,Info,Built,ASA-6-302013,TCP,10.27.200.49,172.10.0.4,58990,80,http,inbound,(empty),(empty)
2013-04-14 02:14:02,Info,Teardown,ASA-6-302014,TCP,10.27.200.49,172.10.0.4,58990,80,http,inbound,TCP FINs,(empty)
2013-04-14 02:14:03,Info,Teardown,ASA-6-302014,TCP,10.0.2.181,172.20.0.3,58937,25,smtp,inbound,TCP FINs,(empty)
2013-04-14 02:14:07,Info,Built,ASA-6-302013,TCP,10.77.101.2,172.30.0.4,59002,80,http,inbound,(empty),(empty)
2013-04-14 02:14:07,Info,Teardown,ASA-6-302014,TCP,10.77.101.2,172.30.0.4,59002,80,http,inbound,TCP FINs,(empty)
2013-04-14 02:14:07,Info,Teardown,ASA-6-302014,TCP,10.88.52.24,172.10.0.3,58959,25,smtp,inbound,TCP FINs,(empty)
2013-04-14 02:14:09,Info,Built,ASA-6-302013,TCP,10.77.101.2,172.30.0.4,59007,80,http,inbound,(empty),(empty)
2013-04-14 02:14:09,Info,Teardown,ASA-6-302014,TCP,10.77.101.2,172.30.0.4,59007,80,http,inbound,TCP FINs,(empty)
2013-04-14 02:14:09,Info,Teardown,ASA-6-302014,TCP,10.13.77.4,172.20.0.3,58972,25,smtp,inbound,TCP FINs,(empty)
2013-04-14 02:14:11,Info,Built,ASA-6-302013,TCP,10.77.101.2,172.30.0.4,59010,80,http,inbound,(empty),(empty)
2013-04-14 02:14:11,Info,Teardown,ASA-6-302014,TCP,10.77.101.2,172.30.0.4,59010,80,http,inbound,TCP FINs,(empty)
2013-04-14 02:14:13,Info,Built,ASA-6-302013,TCP,10.77.101.2,172.30.0.4,59014,80,http,inbound,(empty),(empty)
2013-04-14 02:14:13,Info,Teardown,ASA-6-302014,TCP,10.77.101.2,172.30.0.4,59014,80,http,inbound,TCP FINs,(empty)
2013-04-14 02:14:14,Info,Built,ASA-6-302013,TCP,10.0.125.6,172.10.0.3,59018,25,smtp,inbound,(empty),(empty)
2013-04-14 02:14:15,Info,Built,ASA-6-302013,TCP,10.77.101.2,172.30.0.4,59021,80,http,inbound,(empty),(empty)
2013-04-14 02:14:15,Info,Teardown,ASA-6-302014,TCP,10.77.101.2,172.30.0.4,59021,80,http,inbound,TCP FINs,(empty)
2013-04-14 02:14:16,Info,Built,ASA-6-302013,TCP,10.0.3.77,172.30.0.4,59024,80,http,inbound,(empty),(empty)
2013-04-14 02:14:16,Info,Teardown,ASA-6-302014,TCP,10.0.3.77,172.30.0.4,59024,80,http,inbound,TCP FINs,(empty)
2013-04-14 02:14:17,Info,Built,ASA-6-302013,TCP,10.77.101.2,172.30.0.4,59029,80,http,inbound,(empty),(empty)
2013-04-14 02:14:17,Info,Teardown,ASA-6-302014,TCP,10.77.101.2,172.30.0.4,59029,80,http,inbound,TCP FINs,(empty)
2013-04-14 02:14:18,Info,Built,ASA-6-302013,TCP,10.0.3.77,172.30.0.4,59032,80,http,inbound,(empty),(empty)
2013-04-14 02:14:18,Info,Teardown,ASA-6-302014,TCP,10.0.3.77,172.30.0.4,59032,80,http,inbound,TCP FINs,(empty)
2013-04-14 02:14:19,Info,Built,ASA-6-302013,TCP,10.77.101.2,172.30.0.4,59037,80,http,inbound,(empty),(empty)
2013-04-14 02:14:19,Info,Teardown,ASA-6-302014,TCP,10.77.101.2,172.30.0.4,59037,80,http,inbound,TCP FINs,(empty)
2013-04-14 02:14:20,Info,Built,ASA-6-302013,TCP,10.0.3.77,172.30.0.4,59040,80,http,inbound,(empty),(empty)
2013-04-14 02:14:20,Info,Teardown,ASA-6-302014,TCP,10.0.3.77,172.30.0.4,59040,80,http,inbound,TCP FINs,(empty)
2013-04-14 02:14:21,Info,Built,ASA-6-302013,TCP,10.77.101.2,172.30.0.4,59046,80,http,inbound,(empty),(empty)
2013-04-14 02:14:21,Info,Teardown,ASA-6-302014,TCP,10.77.101.2,172.30.0.4,59046,80,http,inbound,TCP FINs,(empty)
2013-04-14 02:14:22,Info,Built,ASA-6-302013,TCP,10.0.3.77,172.30.0.4,59049,80,http,inbound,(empty),(empty)
2013-04-14 02:14:22,Info,Teardown,ASA-6-302014,TCP,10.0.3.77,172.30.0.4,59049,80,http,inbound,TCP FINs,(empty)
2013-04-14 02:14:22,Info,Built,ASA-6-302013,TCP,10.32.42.116,172.10.0.3,59052,25,smtp,inbound,(empty),(empty)
2013-04-14 02:14:23,Info,Built,ASA-6-302013,TCP,10.77.101.2,172.30.0.4,59056,80,http,inbound,(empty),(empty)
2013-04-14 02:14:23,Info,Teardown,ASA-6-302014,TCP,10.77.101.2,172.30.0.4,59056,80,http,inbound,TCP FINs,(empty)
2013-04-14 02:14:24,Info,Built,ASA-6-302013,TCP,10.0.3.77,172.30.0.4,59059,80,http,inbound,(empty),(empty)
2013-04-14 02:14:24,Info,Teardown,ASA-6-302014,TCP,10.0.3.77,172.30.0.4,59059,80,http,inbound,TCP FINs,(empty)
2013-04-14 02:14:24,Info,Teardown,ASA-6-302014,TCP,10.0.125.6,172.10.0.3,59018,25,smtp,inbound,TCP FINs,(empty)
2013-04-14 02:14:26,Info,Built,ASA-6-302013,TCP,10.0.3.77,172.30.0.4,59064,80,http,inbound,(empty),(empty)
2013-04-14 02:14:26,Info,Teardown,ASA-6-302014,TCP,10.0.3.77,172.30.0.4,59064,80,http,inbound,TCP FINs,(empty)
2013-04-14 02:14:28,Info,Built,ASA-6-302013,TCP,10.0.3.77,172.30.0.4,59069,80,http,inbound,(empty),(empty)
2013-04-14 02:14:28,Info,Teardown,ASA-6-302014,TCP,10.0.3.77,172.30.0.4,59069,80,http,inbound,TCP FINs,(empty)
2013-04-14 02:14:30,Info,Built,ASA-6-302013,TCP,10.0.3.77,172.30.0.4,59074,80,http,inbound,(empty),(empty)
2013-04-14 02:14:30,Info,Teardown,ASA-6-302014,TCP,10.0.3.77,172.30.0.4,59074,80,http,inbound,TCP FINs,(empty)
2013-04-14 02:14:32,Info,Built,ASA-6-302013,TCP,10.0.3.77,172.30.0.4,59079,80,http,inbound,(empty),(empty)
2013-04-14 02:14:32,Info,Teardown,ASA-6-302014,TCP,10.0.3.77,172.30.0.4,59079,80,http,inbound,TCP FINs,(empty)
2013-04-14 02:14:32,Info,Teardown,ASA-6-302014,TCP,10.32.42.116,172.10.0.3,59052,25,smtp,inbound,TCP FINs,(empty)
2013-04-14 02:14:35,Info,Built,ASA-6-302013,TCP,10.77.101.2,172.30.0.3,59083,25,smtp,inbound,(empty),(empty)
2013-04-14 02:14:35,Info,Built,ASA-6-302013,TCP,10.18.37.65,172.30.0.3,59086,25,smtp,inbound,(empty),(empty)
2013-04-14 02:14:45,Info,Teardown,ASA-6-302014,TCP,10.77.101.2,172.30.0.3,59083,25,smtp,inbound,TCP FINs,(empty)
2013-04-14 02:14:45,Info,Teardown,ASA-6-302014,TCP,10.18.37.65,172.30.0.3,59086,25,smtp,inbound,TCP FINs,(empty)
2013-04-14 02:14:47,Info,Built,ASA-6-302013,TCP,10.27.200.49,172.30.0.3,59106,25,smtp,inbound,(empty),(empty)
2013-04-14 02:14:57,Info,Teardown,ASA-6-302014,TCP,10.27.200.49,172.30.0.3,59106,25,smtp,inbound,TCP FINs,(empty)
2013-04-14 02:14:59,Info,Built,ASA-6-302013,TCP,10.149.59.54,172.30.0.3,59119,25,smtp,inbound,(empty),(empty)
2013-04-14 02:15:01,Info,Built,ASA-6-302013,TCP,10.170.148.52,172.20.0.3,59122,25,smtp,inbound,(empty),(empty)
2013-04-14 02:15:05,Info,Built,ASA-6-302013,TCP,10.83.101.25,172.20.0.3,59132,25,smtp,inbound,(empty),(empty)
2013-04-14 02:15:09,Info,Teardown,ASA-6-302014,TCP,10.149.59.54,172.30.0.3,59119,25,smtp,inbound,TCP FINs,(empty)
2013-04-14 02:15:11,Info,Teardown,ASA-6-302014,TCP,10.170.148.52,172.20.0.3,59122,25,smtp,inbound,TCP FINs,(empty)
2013-04-14 02:15:12,Info,Built,ASA-6-302013,TCP,10.18.37.65,172.20.0.3,59152,25,smtp,inbound,(empty),(empty)
2013-04-14 02:15:15,Info,Teardown,ASA-6-302014,TCP,10.83.101.25,172.20.0.3,59132,25,smtp,inbound,TCP FINs,(empty)
2013-04-14 02:15:15,Info,Built,ASA-6-302013,TCP,10.170.32.239,172.30.0.4,59160,80,http,inbound,(empty),(empty)
2013-04-14 02:15:15,Info,Teardown,ASA-6-302014,TCP,10.170.32.239,172.30.0.4,59160,80,http,inbound,TCP FINs,(empty)
2013-04-14 02:15:17,Info,Built,ASA-6-302013,TCP,10.170.32.239,172.30.0.4,59165,80,http,inbound,(empty),(empty)
2013-04-14 02:15:17,Info,Teardown,ASA-6-302014,TCP,10.170.32.239,172.30.0.4,59165,80,http,inbound,TCP FINs,(empty)
2013-04-14 02:15:22,Info,Teardown,ASA-6-302014,TCP,10.18.37.65,172.20.0.3,59152,25,smtp,inbound,TCP FINs,(empty)
2013-04-14 02:15:36,Info,Built,ASA-6-302013,TCP,10.38.37.13,172.20.0.3,59172,25,smtp,inbound,(empty),(empty)
2013-04-14 02:15:43,Info,Built,ASA-6-302013,TCP,10.43.51.79,172.30.0.3,59182,25,smtp,inbound,(empty),(empty)
2013-04-14 02:15:45,Info,Built,ASA-6-302013,TCP,10.117.23.212,172.30.0.3,59190,25,smtp,inbound,(empty),(empty)
2013-04-14 02:15:46,Info,Teardown,ASA-6-302014,TCP,10.38.37.13,172.20.0.3,59172,25,smtp,inbound,TCP FINs,(empty)
2013-04-14 02:15:47,Info,Built,ASA-6-302013,TCP,10.0.3.178,172.30.0.4,59195,80,http,inbound,(empty),(empty)
2013-04-14 02:15:47,Info,Teardown,ASA-6-302014,TCP,10.0.3.178,172.30.0.4,59195,80,http,inbound,TCP FINs,(empty)
2013-04-14 02:12:02,Info,Built,ASA-6-302013,TCP,10.77.24.4,172.30.0.3,58733,25,smtp,inbound,(empty),(empty)
2013-04-14 02:12:05,Info,Teardown,ASA-6-302014,TCP,10.76.193.186,172.20.0.3,58714,25,smtp,inbound,TCP FINs,(empty)
2013-04-14 02:12:07,Info,Teardown,ASA-6-302014,TCP,10.0.3.77,172.30.0.3,58719,25,smtp,inbound,TCP FINs,(empty)
2013-04-14 02:12:10,Info,Built,ASA-6-302013,TCP,10.58.99.97,172.20.0.3,58749,25,smtp,inbound,(empty),(empty)
2013-04-14 02:12:12,Info,Teardown,ASA-6-302014,TCP,10.77.24.4,172.30.0.3,58733,25,smtp,inbound,TCP FINs,(empty)
2013-04-14 02:12:12,Info,Built,ASA-6-302013,TCP,10.12.237.111,172.30.0.3,58757,25,smtp,inbound,(empty),(empty)
2013-04-14 02:12:19,Info,Built,ASA-6-302013,TCP,10.249.28.136,172.20.0.3,58772,25,smtp,inbound,(empty),(empty)
2013-04-14 02:12:20,Info,Teardown,ASA-6-302014,TCP,10.58.99.97,172.20.0.3,58749,25,smtp,inbound,TCP FINs,(empty)
2013-04-14 02:12:22,Info,Built,ASA-6-302013,TCP,10.88.25.4,172.10.0.3,58781,25,smtp,inbound,(empty),(empty)
2013-04-14 02:12:24,Info,Teardown,ASA-6-302014,TCP,10.12.237.111,172.30.0.3,58757,25,smtp,inbound,TCP FINs,(empty)
2013-04-14 02:12:29,Info,Built,ASA-6-302013,TCP,10.51.88.167,172.30.0.3,58797,25,smtp,inbound,(empty),(empty)
2013-04-14 02:12:29,Info,Teardown,ASA-6-302014,TCP,10.249.28.136,172.20.0.3,58772,25,smtp,inbound,TCP FINs,(empty)
2013-04-14 02:12:32,Info,Teardown,ASA-6-302014,TCP,10.88.25.4,172.10.0.3,58781,25,smtp,inbound,TCP FINs,(empty)
2013-04-14 02:12:34,Info,Built,ASA-6-302013,TCP,10.36.156.99,172.30.0.3,58807,25,smtp,inbound,(empty),(empty)
2013-04-14 02:12:39,Info,Teardown,ASA-6-302014,TCP,10.51.88.167,172.30.0.3,58797,25,smtp,inbound,TCP FINs,(empty)
2013-04-14 02:12:44,Info,Teardown,ASA-6-302014,TCP,10.36.156.99,172.30.0.3,58807,25,smtp,inbound,TCP FINs,(empty)
2013-04-14 02:12:45,Info,Built,ASA-6-302013,TCP,10.138.78.75,172.30.0.3,58823,25,smtp,inbound,(empty),(empty)
2013-04-14 02:12:55,Info,Teardown,ASA-6-302014,TCP,10.138.78.75,172.30.0.3,58823,25,smtp,inbound,TCP FINs,(empty)
2013-04-14 02:12:59,Info,Built,ASA-6-302013,TCP,10.57.105.44,172.20.0.3,58835,25,smtp,inbound,(empty),(empty)
2013-04-14 02:13:04,Info,Built,ASA-6-302013,TCP,10.58.99.97,172.10.0.3,58843,25,smtp,inbound,(empty),(empty)
2013-04-14 02:13:09,Info,Teardown,ASA-6-302014,TCP,10.57.105.44,172.20.0.3,58835,25,smtp,inbound,TCP FINs,(empty)
2013-04-14 02:13:14,Info,Teardown,ASA-6-302014,TCP,10.58.99.97,172.10.0.3,58843,25,smtp,inbound,TCP FINs,(empty)
2013-04-14 02:13:17,Info,Built,ASA-6-302013,TCP,10.0.3.77,172.10.0.3,58859,25,smtp,inbound,(empty),(empty)
2013-04-14 02:13:22,Info,Built,ASA-6-302013,TCP,10.89.101.53,172.10.0.3,58867,25,smtp,inbound,(empty),(empty)
2013-04-14 02:15:49,Info,Built,ASA-6-302013,TCP,10.0.3.178,172.30.0.4,59202,80,http,inbound,(empty),(empty)
2013-04-14 02:15:49,Info,Teardown,ASA-6-302014,TCP,10.0.3.178,172.30.0.4,59202,80,http,inbound,TCP FINs,(empty)
2013-04-14 02:15:50,Info,Built,ASA-6-302013,TCP,10.1.55.43,172.20.0.3,59209,25,smtp,inbound,(empty),(empty)
2013-04-14 02:15:51,Info,Built,ASA-6-302013,TCP,10.0.3.178,172.30.0.4,59212,80,http,inbound,(empty),(empty)
2013-04-14 02:15:51,Info,Teardown,ASA-6-302014,TCP,10.0.3.178,172.30.0.4,59212,80,http,inbound,TCP FINs,(empty)
2013-04-14 02:15:53,Info,Teardown,ASA-6-302014,TCP,10.43.51.79,172.30.0.3,59182,25,smtp,inbound,TCP FINs,(empty)
2013-04-14 02:15:53,Info,Built,ASA-6-302013,TCP,10.0.3.178,172.30.0.4,59222,80,http,inbound,(empty),(empty)
2013-04-14 02:15:53,Info,Teardown,ASA-6-302014,TCP,10.0.3.178,172.30.0.4,59222,80,http,inbound,TCP FINs,(empty)
2013-04-14 02:15:54,Info,Built,ASA-6-302013,TCP,10.0.2.181,172.30.0.3,59226,25,smtp,inbound,(empty),(empty)
2013-04-14 02:15:55,Info,Built,ASA-6-302013,TCP,10.0.3.178,172.30.0.4,59232,80,http,inbound,(empty),(empty)
2013-04-14 02:15:55,Info,Teardown,ASA-6-302014,TCP,10.0.3.178,172.30.0.4,59232,80,http,inbound,TCP FINs,(empty)
2013-04-14 02:15:55,Info,Teardown,ASA-6-302014,TCP,10.117.23.212,172.30.0.3,59190,25,smtp,inbound,TCP FINs,(empty)
2013-04-14 02:15:57,Info,Built,ASA-6-302013,TCP,10.0.3.178,172.30.0.4,59239,80,http,inbound,(empty),(empty)
2013-04-14 02:15:57,Info,Teardown,ASA-6-302014,TCP,10.0.3.178,172.30.0.4,59239,80,http,inbound,TCP FINs,(empty)
2013-04-14 02:15:59,Info,Built,ASA-6-302013,TCP,10.0.3.178,172.30.0.4,59246,80,http,inbound,(empty),(empty)
2013-04-14 02:15:59,Info,Teardown,ASA-6-302014,TCP,10.0.3.178,172.30.0.4,59246,80,http,inbound,TCP FINs,(empty)
2013-04-14 02:16:00,Info,Built,ASA-6-302013,TCP,10.58.99.97,172.30.0.3,59250,25,smtp,inbound,(empty),(empty)
2013-04-14 02:16:00,Info,Teardown,ASA-6-302014,TCP,10.1.55.43,172.20.0.3,59209,25,smtp,inbound,TCP FINs,(empty)
2013-04-14 02:16:01,Info,Built,ASA-6-302013,TCP,10.0.3.178,172.30.0.4,59255,80,http,inbound,(empty),(empty)
2013-04-14 02:16:01,Info,Teardown,ASA-6-302014,TCP,10.0.3.178,172.30.0.4,59255,80,http,inbound,TCP FINs,(empty)
2013-04-14 02:16:03,Info,Built,ASA-6-302013,TCP,10.0.3.178,172.30.0.4,59261,80,http,inbound,(empty),(empty)
2013-04-14 02:16:03,Info,Teardown,ASA-6-302014,TCP,10.0.3.178,172.30.0.4,59261,80,http,inbound,TCP FINs,(empty)
2013-04-14 02:16:04,Info,Teardown,ASA-6-302014,TCP,10.0.2.181,172.30.0.3,59226,25,smtp,inbound,TCP FINs,(empty)
2013-04-14 02:16:10,Info,Teardown,ASA-6-302014,TCP,10.58.99.97,172.30.0.3,59250,25,smtp,inbound,TCP FINs,(empty)
2013-04-14 02:16:13,Info,Built,ASA-6-302013,TCP,10.77.101.2,172.20.0.3,59271,25,smtp,inbound,(empty),(empty)
2013-04-14 02:16:17,Info,Built,ASA-6-302013,TCP,10.1.55.43,172.10.0.4,59277,80,http,inbound,(empty),(empty)
2013-04-14 02:16:17,Info,Teardown,ASA-6-302014,TCP,10.1.55.43,172.10.0.4,59277,80,http,inbound,TCP FINs,(empty)
2013-04-14 02:16:19,Info,Built,ASA-6-302013,TCP,10.1.55.43,172.10.0.4,59282,80,http,inbound,(empty),(empty)
2013-04-14 02:16:19,Info,Teardown,ASA-6-302014,TCP,10.1.55.43,172.10.0.4,59282,80,http,inbound,TCP FINs,(empty)
2013-04-14 02:16:21,Info,Built,ASA-6-302013,TCP,10.1.55.43,172.10.0.4,59287,80,http,inbound,(empty),(empty)
2013-04-14 02:16:21,Info,Teardown,ASA-6-302014,TCP,10.1.55.43,172.10.0.4,59287,80,http,inbound,TCP FINs,(empty)
2013-04-14 02:16:23,Info,Built,ASA-6-302013,TCP,10.1.55.43,172.10.0.4,59292,80,http,inbound,(empty),(empty)
2013-04-14 02:16:23,Info,Teardown,ASA-6-302014,TCP,10.1.55.43,172.10.0.4,59292,80,http,inbound,TCP FINs,(empty)
2013-04-14 02:16:24,Info,Teardown,ASA-6-302014,TCP,10.77.101.2,172.20.0.3,59271,25,smtp,inbound,TCP FINs,(empty)
2013-04-14 02:16:25,Info,Built,ASA-6-302013,TCP,10.43.51.79,172.20.0.5,59294,80,http,inbound,(empty),(empty)
2013-04-14 02:16:25,Info,Teardown,ASA-6-302014,TCP,10.43.51.79,172.20.0.5,59294,80,http,inbound,TCP FINs,(empty)
2013-04-14 02:16:25,Info,Built,ASA-6-302013,TCP,10.1.55.43,172.10.0.4,59296,80,http,inbound,(empty),(empty)
2013-04-14 02:16:25,Info,Teardown,ASA-6-302014,TCP,10.1.55.43,172.10.0.4,59296,80,http,inbound,TCP FINs,(empty)
2013-04-14 02:16:27,Info,Built,ASA-6-302013,TCP,10.1.55.43,172.10.0.4,59300,80,http,inbound,(empty),(empty)
2013-04-14 02:16:27,Info,Teardown,ASA-6-302014,TCP,10.1.55.43,172.10.0.4,59300,80,http,inbound,TCP FINs,(empty)
2013-04-14 02:16:28,Info,Built,ASA-6-302013,TCP,10.13.77.4,172.30.0.3,59303,25,smtp,inbound,(empty),(empty)
2013-04-14 02:16:29,Info,Built,ASA-6-302013,TCP,10.1.55.43,172.10.0.4,59306,80,http,inbound,(empty),(empty)
2013-04-14 02:16:29,Info,Teardown,ASA-6-302014,TCP,10.1.55.43,172.10.0.4,59306,80,http,inbound,TCP FINs,(empty)
2013-04-14 02:16:31,Info,Built,ASA-6-302013,TCP,10.1.55.43,172.10.0.4,59313,80,http,inbound,(empty),(empty)
2013-04-14 02:16:31,Info,Teardown,ASA-6-302014,TCP,10.1.55.43,172.10.0.4,59313,80,http,inbound,TCP FINs,(empty)
2013-04-14 02:16:33,Info,Built,ASA-6-302013,TCP,10.0.2.181,172.10.0.3,59317,25,smtp,inbound,(empty),(empty)
2013-04-14 02:16:33,Info,Built,ASA-6-302013,TCP,10.27.200.49,172.20.0.3,59320,25,smtp,inbound,(empty),(empty)
2013-04-14 02:16:38,Info,Teardown,ASA-6-302014,TCP,10.13.77.4,172.30.0.3,59303,25,smtp,inbound,TCP FINs,(empty)
2013-04-14 02:16:43,Info,Built,ASA-6-302013,TCP,10.62.15.101,172.10.0.3,59344,25,smtp,inbound,(empty),(empty)
2013-04-14 02:16:43,Info,Teardown,ASA-6-302014,TCP,10.27.200.49,172.20.0.3,59320,25,smtp,inbound,TCP FINs,(empty)
2013-04-14 02:16:43,Info,Teardown,ASA-6-302014,TCP,10.0.2.181,172.10.0.3,59317,25,smtp,inbound,TCP FINs,(empty)
2013-04-14 02:16:53,Info,Teardown,ASA-6-302014,TCP,10.62.15.101,172.10.0.3,59344,25,smtp,inbound,TCP FINs,(empty)
2013-04-14 02:16:56,Info,Built,ASA-6-302013,TCP,10.62.15.101,172.20.0.3,59356,25,smtp,inbound,(empty),(empty)
2013-04-14 02:17:06,Info,Teardown,ASA-6-302014,TCP,10.62.15.101,172.20.0.3,59356,25,smtp,inbound,TCP FINs,(empty)
2013-04-14 02:17:30,Info,Built,ASA-6-302013,TCP,10.62.15.101,172.30.0.3,59368,25,smtp,inbound,(empty),(empty)
2013-04-14 02:17:40,Info,Teardown,ASA-6-302014,TCP,10.62.15.101,172.30.0.3,59368,25,smtp,inbound,TCP FINs,(empty)
2013-04-14 02:17:47,Info,Built,ASA-6-302013,TCP,10.43.51.79,172.20.0.3,59380,25,smtp,inbound,(empty),(empty)
2013-04-14 02:22:37,Info,Built,ASA-6-302013,TCP,10.0.2.181,172.20.0.3,59918,25,smtp,inbound,(empty),(empty)
2013-04-14 02:22:42,Info,Teardown,ASA-6-302014,TCP,10.88.52.24,172.10.0.3,59904,25,smtp,inbound,TCP FINs,(empty)
2013-04-14 02:22:45,Info,Built,ASA-6-302013,TCP,10.149.59.54,172.30.0.3,59939,25,smtp,inbound,(empty),(empty)
2013-04-14 02:22:46,Info,Teardown,ASA-6-302014,TCP,10.179.19.15,172.30.0.3,59913,25,smtp,inbound,TCP FINs,(empty)
2013-04-14 02:22:47,Info,Teardown,ASA-6-302014,TCP,10.0.2.181,172.20.0.3,59918,25,smtp,inbound,TCP FINs,(empty)
2013-04-14 02:22:50,Info,Built,ASA-6-302013,TCP,10.0.3.77,172.20.0.3,59950,25,smtp,inbound,(empty),(empty)
2013-04-14 02:22:55,Info,Teardown,ASA-6-302014,TCP,10.149.59.54,172.30.0.3,59939,25,smtp,inbound,TCP FINs,(empty)
2013-04-14 02:22:56,Info,Built,ASA-6-302013,TCP,10.27.200.49,172.30.0.3,59962,25,smtp,inbound,(empty),(empty)
2013-04-14 02:23:00,Info,Teardown,ASA-6-302014,TCP,10.0.3.77,172.20.0.3,59950,25,smtp,inbound,TCP FINs,(empty)
2013-04-14 02:23:06,Info,Teardown,ASA-6-302014,TCP,10.27.200.49,172.30.0.3,59962,25,smtp,inbound,TCP FINs,(empty)
2013-04-14 02:23:29,Info,Built,ASA-6-302013,TCP,10.27.200.49,172.10.0.3,59978,25,smtp,inbound,(empty),(empty)
2013-04-14 02:23:37,Info,Built,ASA-6-302013,TCP,10.170.148.52,172.20.0.3,59991,25,smtp,inbound,(empty),(empty)
2013-04-14 02:23:38,Info,Built,ASA-6-302013,TCP,10.62.15.101,172.30.0.7,59994,80,http,inbound,(empty),(empty)
2013-04-14 02:23:38,Info,Built,ASA-6-302013,TCP,10.83.101.25,172.20.0.3,59998,25,smtp,inbound,(empty),(empty)
2013-04-14 02:23:38,Info,Built,ASA-6-302013,TCP,10.83.101.25,172.10.0.4,59997,80,http,inbound,(empty),(empty)
2013-04-14 02:23:38,Info,Teardown,ASA-6-302014,TCP,10.83.101.25,172.10.0.4,59997,80,http,inbound,TCP FINs,(empty)
2013-04-14 02:23:38,Info,Teardown,ASA-6-302014,TCP,10.62.15.101,172.30.0.7,59994,80,http,inbound,TCP FINs,(empty)
2013-04-14 02:23:39,Info,Teardown,ASA-6-302014,TCP,10.27.200.49,172.10.0.3,59978,25,smtp,inbound,TCP FINs,(empty)
2013-04-14 02:23:39,Info,Built,ASA-6-302013,TCP,10.0.125.6,172.10.0.3,60003,25,smtp,inbound,(empty),(empty)
2013-04-14 02:23:40,Info,Built,ASA-6-302013,TCP,10.83.101.25,172.10.0.4,60009,80,http,inbound,(empty),(empty)
2013-04-14 02:23:40,Info,Teardown,ASA-6-302014,TCP,10.83.101.25,172.10.0.4,60009,80,http,inbound,TCP FINs,(empty)
2013-04-14 02:23:47,Info,Teardown,ASA-6-302014,TCP,10.170.148.52,172.20.0.3,59991,25,smtp,inbound,TCP FINs,(empty)
2013-04-14 02:23:48,Info,Teardown,ASA-6-302014,TCP,10.83.101.25,172.20.0.3,59998,25,smtp,inbound,TCP FINs,(empty)
2013-04-14 02:23:49,Info,Built,ASA-6-302013,TCP,10.117.23.212,172.30.0.3,60033,25,smtp,inbound,(empty),(empty)
2013-04-14 02:23:49,Info,Teardown,ASA-6-302014,TCP,10.0.125.6,172.10.0.3,60003,25,smtp,inbound,TCP FINs,(empty)
2013-04-14 02:23:53,Info,Built,ASA-6-302013,TCP,10.78.100.154,172.10.0.4,60039,80,http,inbound,(empty),(empty)
2013-04-14 02:23:53,Info,Teardown,ASA-6-302014,TCP,10.78.100.154,172.10.0.4,60039,80,http,inbound,TCP FINs,(empty)
2013-04-14 02:23:55,Info,Built,ASA-6-302013,TCP,10.78.100.154,172.10.0.4,60045,80,http,inbound,(empty),(empty)
2013-04-14 02:23:55,Info,Teardown,ASA-6-302014,TCP,10.78.100.154,172.10.0.4,60045,80,http,inbound,TCP FINs,(empty)
2013-04-14 02:23:57,Info,Built,ASA-6-302013,TCP,10.38.37.13,172.20.0.3,60049,25,smtp,inbound,(empty),(empty)
2013-04-14 02:23:59,Info,Teardown,ASA-6-302014,TCP,10.117.23.212,172.30.0.3,60033,25,smtp,inbound,TCP FINs,(empty)
2013-04-14 02:24:05,Info,Built,ASA-6-302013,TCP,10.77.101.2,172.30.0.3,60061,25,smtp,inbound,(empty),(empty)
2013-04-14 02:24:07,Info,Teardown,ASA-6-302014,TCP,10.38.37.13,172.20.0.3,60049,25,smtp,inbound,TCP FINs,(empty)
2013-04-14 02:24:15,Info,Teardown,ASA-6-302014,TCP,10.77.101.2,172.30.0.3,60061,25,smtp,inbound,TCP FINs,(empty)
2013-04-14 02:24:19,Info,Built,ASA-6-302013,TCP,10.13.77.4,172.30.0.3,60075,25,smtp,inbound,(empty),(empty)
2013-04-14 02:17:51,Info,Built,ASA-6-302013,TCP,10.0.2.181,172.10.0.4,59386,80,http,inbound,(empty),(empty)
2013-04-14 02:17:51,Info,Teardown,ASA-6-302014,TCP,10.0.2.181,172.10.0.4,59386,80,http,inbound,TCP FINs,(empty)
2013-04-14 02:17:53,Info,Built,ASA-6-302013,TCP,10.0.2.181,172.10.0.4,59391,80,http,inbound,(empty),(empty)
2013-04-14 02:17:53,Info,Teardown,ASA-6-302014,TCP,10.0.2.181,172.10.0.4,59391,80,http,inbound,TCP FINs,(empty)
2013-04-14 02:17:57,Info,Teardown,ASA-6-302014,TCP,10.43.51.79,172.20.0.3,59380,25,smtp,inbound,TCP FINs,(empty)
2013-04-14 02:18:06,Info,Built,ASA-6-302013,TCP,10.83.101.25,172.30.0.3,59398,25,smtp,inbound,(empty),(empty)
2013-04-14 02:18:11,Info,Built,ASA-6-302013,TCP,10.1.55.43,172.10.0.3,59406,25,smtp,inbound,(empty),(empty)
2013-04-14 02:18:16,Info,Teardown,ASA-6-302014,TCP,10.83.101.25,172.30.0.3,59398,25,smtp,inbound,TCP FINs,(empty)
2013-04-14 02:18:21,Info,Teardown,ASA-6-302014,TCP,10.1.55.43,172.10.0.3,59406,25,smtp,inbound,TCP FINs,(empty)
2013-04-14 02:18:22,Info,Built,ASA-6-302013,TCP,10.13.77.4,172.10.0.3,59422,25,smtp,inbound,(empty),(empty)
2013-04-14 02:18:26,Info,Built,ASA-6-302013,TCP,10.33.0.15,172.10.0.3,59428,25,smtp,inbound,(empty),(empty)
2013-04-14 02:18:32,Info,Built,ASA-6-302013,TCP,10.1.55.43,172.30.0.3,59442,25,smtp,inbound,(empty),(empty)
2013-04-14 02:18:32,Info,Teardown,ASA-6-302014,TCP,10.13.77.4,172.10.0.3,59422,25,smtp,inbound,TCP FINs,(empty)
2013-04-14 02:18:34,Info,Built,ASA-6-302013,TCP,10.43.51.79,172.10.0.3,59448,25,smtp,inbound,(empty),(empty)
2013-04-14 02:18:36,Info,Teardown,ASA-6-302014,TCP,10.33.0.15,172.10.0.3,59428,25,smtp,inbound,TCP FINs,(empty)
2013-04-14 02:18:41,Info,Built,ASA-6-302013,TCP,10.77.24.4,172.20.0.15,59468,80,http,inbound,(empty),(empty)
2013-04-14 02:18:41,Info,Teardown,ASA-6-302014,TCP,10.77.24.4,172.20.0.15,59468,80,http,inbound,TCP FINs,(empty)
2013-04-14 02:18:41,Info,Built,ASA-6-302013,TCP,10.83.101.25,172.10.0.3,59470,25,smtp,inbound,(empty),(empty)
2013-04-14 02:18:42,Info,Teardown,ASA-6-302014,TCP,10.1.55.43,172.30.0.3,59442,25,smtp,inbound,TCP FINs,(empty)
2013-04-14 02:18:43,Info,Built,ASA-6-302013,TCP,10.77.24.4,172.20.0.4,59478,80,http,inbound,(empty),(empty)
2013-04-14 02:18:43,Info,Teardown,ASA-6-302014,TCP,10.77.24.4,172.20.0.4,59478,80,http,inbound,TCP FINs,(empty)
2013-04-14 02:18:44,Info,Teardown,ASA-6-302014,TCP,10.43.51.79,172.10.0.3,59448,25,smtp,inbound,TCP FINs,(empty)
2013-04-14 02:18:44,Info,Built,ASA-6-302013,TCP,10.78.90.30,172.10.0.4,59482,80,http,inbound,(empty),(empty)
2013-04-14 02:18:44,Info,Teardown,ASA-6-302014,TCP,10.78.90.30,172.10.0.4,59482,80,http,inbound,TCP FINs,(empty)
2013-04-14 02:18:46,Info,Built,ASA-6-302013,TCP,10.78.90.30,172.10.0.4,59488,80,http,inbound,(empty),(empty)
2013-04-14 02:18:46,Info,Teardown,ASA-6-302014,TCP,10.78.90.30,172.10.0.4,59488,80,http,inbound,TCP FINs,(empty)
2013-04-14 02:18:47,Info,Built,ASA-6-302013,TCP,10.27.59.101,172.10.0.3,59490,25,smtp,inbound,(empty),(empty)
2013-04-14 02:18:49,Info,Built,ASA-6-302013,TCP,10.76.187.88,172.10.0.7,59496,80,http,inbound,(empty),(empty)
2013-04-14 02:18:49,Info,Teardown,ASA-6-302014,TCP,10.76.187.88,172.10.0.7,59496,80,http,inbound,TCP FINs,(empty)
2013-04-14 02:18:51,Info,Built,ASA-6-302013,TCP,10.77.24.4,172.20.0.3,59501,25,smtp,inbound,(empty),(empty)
2013-04-14 02:18:51,Info,Teardown,ASA-6-302014,TCP,10.83.101.25,172.10.0.3,59470,25,smtp,inbound,TCP FINs,(empty)
2013-04-14 02:18:57,Info,Teardown,ASA-6-302014,TCP,10.27.59.101,172.10.0.3,59490,25,smtp,inbound,TCP FINs,(empty)
2013-04-14 02:19:01,Info,Teardown,ASA-6-302014,TCP,10.77.24.4,172.20.0.3,59501,25,smtp,inbound,TCP FINs,(empty)
2013-04-14 02:19:10,Info,Built,ASA-6-302013,TCP,10.18.37.65,172.10.0.3,59519,25,smtp,inbound,(empty),(empty)
2013-04-14 02:19:14,Info,Built,ASA-6-302013,TCP,10.58.99.97,172.10.0.4,59525,80,http,inbound,(empty),(empty)
2013-04-14 02:19:14,Info,Teardown,ASA-6-302014,TCP,10.58.99.97,172.10.0.4,59525,80,http,inbound,TCP FINs,(empty)
2013-04-14 02:19:16,Info,Built,ASA-6-302013,TCP,10.58.99.97,172.10.0.4,59531,80,http,inbound,(empty),(empty)
2013-04-14 02:19:16,Info,Teardown,ASA-6-302014,TCP,10.58.99.97,172.10.0.4,59531,80,http,inbound,TCP FINs,(empty)
2013-04-14 02:19:18,Info,Built,ASA-6-302013,TCP,10.18.37.65,172.10.0.4,59536,80,http,inbound,(empty),(empty)
2013-04-14 02:19:18,Info,Teardown,ASA-6-302014,TCP,10.18.37.65,172.10.0.4,59536,80,http,inbound,TCP FINs,(empty)
2013-04-14 02:19:18,Info,Built,ASA-6-302013,TCP,10.58.99.97,172.10.0.4,59539,80,http,inbound,(empty),(empty)
2013-04-14 02:19:18,Info,Teardown,ASA-6-302014,TCP,10.58.99.97,172.10.0.4,59539,80,http,inbound,TCP FINs,(empty)
2013-04-14 02:19:20,Info,Built,ASA-6-302013,TCP,10.18.37.65,172.10.0.4,59544,80,http,inbound,(empty),(empty)
2013-04-14 02:19:20,Info,Teardown,ASA-6-302014,TCP,10.18.37.65,172.10.0.4,59544,80,http,inbound,TCP FINs,(empty)
2013-04-14 02:19:20,Info,Built,ASA-6-302013,TCP,10.58.99.97,172.10.0.4,59547,80,http,inbound,(empty),(empty)
2013-04-14 02:19:20,Info,Teardown,ASA-6-302014,TCP,10.58.99.97,172.10.0.4,59547,80,http,inbound,TCP FINs,(empty)
2013-04-14 02:19:20,Info,Teardown,ASA-6-302014,TCP,10.18.37.65,172.10.0.3,59519,25,smtp,inbound,TCP FINs,(empty)
2013-04-14 02:19:22,Info,Built,ASA-6-302013,TCP,10.18.37.65,172.10.0.4,59551,80,http,inbound,(empty),(empty)
2013-04-14 02:19:22,Info,Teardown,ASA-6-302014,TCP,10.18.37.65,172.10.0.4,59551,80,http,inbound,TCP FINs,(empty)
2013-04-14 02:19:22,Info,Built,ASA-6-302013,TCP,10.58.99.97,172.10.0.4,59554,80,http,inbound,(empty),(empty)
2013-04-14 02:19:22,Info,Teardown,ASA-6-302014,TCP,10.58.99.97,172.10.0.4,59554,80,http,inbound,TCP FINs,(empty)
2013-04-14 02:19:23,Info,Built,ASA-6-302013,TCP,10.41.9.89,172.10.0.3,59558,25,smtp,inbound,(empty),(empty)
2013-04-14 02:19:24,Info,Built,ASA-6-302013,TCP,10.18.37.65,172.10.0.4,59561,80,http,inbound,(empty),(empty)
2013-04-14 02:19:24,Info,Teardown,ASA-6-302014,TCP,10.18.37.65,172.10.0.4,59561,80,http,inbound,TCP FINs,(empty)
2013-04-14 02:19:24,Info,Built,ASA-6-302013,TCP,10.58.99.97,172.10.0.4,59564,80,http,inbound,(empty),(empty)
2013-04-14 02:19:24,Info,Teardown,ASA-6-302014,TCP,10.58.99.97,172.10.0.4,59564,80,http,inbound,TCP FINs,(empty)
2013-04-14 02:19:25,Info,Built,ASA-6-302013,TCP,10.138.214.213,172.10.0.4,59567,80,http,inbound,(empty),(empty)
2013-04-14 02:19:25,Info,Teardown,ASA-6-302014,TCP,10.138.214.213,172.10.0.4,59567,80,http,inbound,TCP FINs,(empty)
2013-04-14 02:19:26,Info,Built,ASA-6-302013,TCP,10.18.37.65,172.10.0.4,59572,80,http,inbound,(empty),(empty)
2013-04-14 02:19:26,Info,Teardown,ASA-6-302014,TCP,10.18.37.65,172.10.0.4,59572,80,http,inbound,TCP FINs,(empty)
2013-04-14 02:19:26,Info,Built,ASA-6-302013,TCP,10.58.99.97,172.10.0.4,59575,80,http,inbound,(empty),(empty)
2013-04-14 02:19:26,Info,Teardown,ASA-6-302014,TCP,10.58.99.97,172.10.0.4,59575,80,http,inbound,TCP FINs,(empty)
2013-04-14 02:19:27,Info,Built,ASA-6-302013,TCP,10.138.214.213,172.10.0.4,59578,80,http,inbound,(empty),(empty)
2013-04-14 02:19:27,Info,Teardown,ASA-6-302014,TCP,10.138.214.213,172.10.0.4,59578,80,http,inbound,TCP FINs,(empty)
2013-04-14 02:19:28,Info,Built,ASA-6-302013,TCP,10.18.37.65,172.10.0.4,59582,80,http,inbound,(empty),(empty)
2013-04-14 02:19:28,Info,Teardown,ASA-6-302014,TCP,10.18.37.65,172.10.0.4,59582,80,http,inbound,TCP FINs,(empty)
2013-04-14 02:19:28,Info,Built,ASA-6-302013,TCP,10.58.99.97,172.10.0.4,59585,80,http,inbound,(empty),(empty)
2013-04-14 02:19:28,Info,Teardown,ASA-6-302014,TCP,10.58.99.97,172.10.0.4,59585,80,http,inbound,TCP FINs,(empty)
2013-04-14 02:19:30,Info,Built,ASA-6-302013,TCP,10.18.37.65,172.10.0.4,59589,80,http,inbound,(empty),(empty)
2013-04-14 02:19:30,Info,Teardown,ASA-6-302014,TCP,10.18.37.65,172.10.0.4,59589,80,http,inbound,TCP FINs,(empty)
2013-04-14 02:19:32,Info,Built,ASA-6-302013,TCP,10.18.37.65,172.10.0.4,59593,80,http,inbound,(empty),(empty)
2013-04-14 02:19:32,Info,Teardown,ASA-6-302014,TCP,10.18.37.65,172.10.0.4,59593,80,http,inbound,TCP FINs,(empty)
2013-04-14 02:19:33,Info,Teardown,ASA-6-302014,TCP,10.41.9.89,172.10.0.3,59558,25,smtp,inbound,TCP FINs,(empty)
2013-04-14 02:19:41,Info,Built,ASA-6-302013,TCP,10.76.187.68,172.20.0.3,59598,25,smtp,inbound,(empty),(empty)
2013-04-14 02:19:43,Info,Built,ASA-6-302013,TCP,10.247.106.27,172.20.0.4,59601,80,http,inbound,(empty),(empty)
2013-04-14 02:19:43,Info,Teardown,ASA-6-302014,TCP,10.247.106.27,172.20.0.4,59601,80,http,inbound,TCP FINs,(empty)
2013-04-14 02:19:45,Info,Built,ASA-6-302013,TCP,10.76.193.22,172.20.0.15,59606,80,http,inbound,(empty),(empty)
2013-04-14 02:19:45,Info,Teardown,ASA-6-302014,TCP,10.76.193.22,172.20.0.15,59606,80,http,inbound,TCP FINs,(empty)
2013-04-14 02:19:51,Info,Built,ASA-6-302013,TCP,10.77.24.4,172.10.0.3,59615,25,smtp,inbound,(empty),(empty)
2013-04-14 02:19:51,Info,Teardown,ASA-6-302014,TCP,10.76.187.68,172.20.0.3,59598,25,smtp,inbound,TCP FINs,(empty)
2013-04-14 02:20:01,Info,Teardown,ASA-6-302014,TCP,10.77.24.4,172.10.0.3,59615,25,smtp,inbound,TCP FINs,(empty)
2013-04-14 02:20:05,Info,Built,ASA-6-302013,TCP,10.51.88.253,172.30.0.3,59627,25,smtp,inbound,(empty),(empty)
2013-04-14 02:20:08,Info,Built,ASA-6-302013,TCP,10.36.156.99,172.30.0.3,59633,25,smtp,inbound,(empty),(empty)
2013-04-14 02:20:15,Info,Teardown,ASA-6-302014,TCP,10.51.88.253,172.30.0.3,59627,25,smtp,inbound,TCP FINs,(empty)
2013-04-14 02:20:18,Info,Teardown,ASA-6-302014,TCP,10.36.156.99,172.30.0.3,59633,25,smtp,inbound,TCP FINs,(empty)
2013-04-14 02:20:24,Info,Built,ASA-6-302013,TCP,10.77.24.4,172.30.0.3,59651,25,smtp,inbound,(empty),(empty)
2013-04-14 02:20:26,Info,Built,ASA-6-302013,TCP,10.249.28.136,172.20.0.3,59655,25,smtp,inbound,(empty),(empty)
2013-04-14 02:20:30,Info,Built,ASA-6-302013,TCP,10.76.187.67,172.30.0.4,59665,80,http,inbound,(empty),(empty)
2013-04-14 02:20:30,Info,Teardown,ASA-6-302014,TCP,10.76.187.67,172.30.0.4,59665,80,http,inbound,TCP FINs,(empty)
2013-04-14 02:20:32,Info,Built,ASA-6-302013,TCP,10.76.187.67,172.30.0.4,59671,80,http,inbound,(empty),(empty)
2013-04-14 02:20:32,Info,Teardown,ASA-6-302014,TCP,10.76.187.67,172.30.0.4,59671,80,http,inbound,TCP FINs,(empty)
2013-04-14 02:20:34,Info,Built,ASA-6-302013,TCP,10.76.187.67,172.30.0.4,59677,80,http,inbound,(empty),(empty)
2013-04-14 02:20:34,Info,Teardown,ASA-6-302014,TCP,10.76.187.67,172.30.0.4,59677,80,http,inbound,TCP FINs,(empty)
2013-04-14 02:20:36,Info,Teardown,ASA-6-302014,TCP,10.77.24.4,172.30.0.3,59651,25,smtp,inbound,TCP FINs,(empty)
2013-04-14 02:20:36,Info,Built,ASA-6-302013,TCP,10.76.187.67,172.30.0.4,59684,80,http,inbound,(empty),(empty)
2013-04-14 02:20:36,Info,Teardown,ASA-6-302014,TCP,10.76.187.67,172.30.0.4,59684,80,http,inbound,TCP FINs,(empty)
2013-04-14 02:20:36,Info,Teardown,ASA-6-302014,TCP,10.249.28.136,172.20.0.3,59655,25,smtp,inbound,TCP FINs,(empty)
2013-04-14 02:20:38,Info,Built,ASA-6-302013,TCP,10.76.187.67,172.30.0.4,59688,80,http,inbound,(empty),(empty)
2013-04-14 02:20:38,Info,Teardown,ASA-6-302014,TCP,10.76.187.67,172.30.0.4,59688,80,http,inbound,TCP FINs,(empty)
2013-04-14 02:20:39,Info,Built,ASA-6-302013,TCP,10.170.148.64,172.20.0.3,59691,25,smtp,inbound,(empty),(empty)
2013-04-14 02:20:39,Info,Built,ASA-6-302013,TCP,172.10.2.106,10.0.3.77,18345,22,22_tcp,outbound,(empty),(empty)
2013-04-14 02:20:39,Info,Built,ASA-6-302013,TCP,172.10.2.135,10.0.3.77,18346,22,22_tcp,outbound,(empty),(empty)
2013-04-14 02:20:39,Info,Built,ASA-6-302013,TCP,172.20.1.23,10.0.3.77,18347,22,22_tcp,outbound,(empty),(empty)
2013-04-14 02:20:39,Info,Built,ASA-6-302013,TCP,172.20.1.47,10.0.3.77,18348,22,22_tcp,outbound,(empty),(empty)
2013-04-14 02:20:39,Info,Built,ASA-6-302013,TCP,172.10.2.66,10.0.3.77,18349,22,22_tcp,outbound,(empty),(empty)
2013-04-14 02:20:40,Info,Built,ASA-6-302013,TCP,172.20.1.81,10.0.3.77,18350,22,22_tcp,outbound,(empty),(empty)
2013-04-14 02:20:40,Info,Built,ASA-6-302013,TCP,172.30.1.218,10.0.3.77,18351,22,22_tcp,outbound,(empty),(empty)
2013-04-14 02:20:40,Info,Built,ASA-6-302013,TCP,172.30.1.223,10.0.3.77,18352,22,22_tcp,outbound,(empty),(empty)
2013-04-14 02:20:40,Info,Built,ASA-6-302013,TCP,10.76.187.67,172.30.0.4,59694,80,http,inbound,(empty),(empty)
2013-04-14 02:20:40,Info,Teardown,ASA-6-302014,TCP,10.76.187.67,172.30.0.4,59694,80,http,inbound,TCP FINs,(empty)
2013-04-14 02:20:42,Info,Built,ASA-6-302013,TCP,10.76.187.67,172.30.0.4,59699,80,http,inbound,(empty),(empty)
2013-04-14 02:20:42,Info,Teardown,ASA-6-302014,TCP,10.76.187.67,172.30.0.4,59699,80,http,inbound,TCP FINs,(empty)
2013-04-14 02:20:44,Info,Built,ASA-6-302013,TCP,10.76.187.67,172.30.0.4,59704,80,http,inbound,(empty),(empty)
2013-04-14 02:20:44,Info,Teardown,ASA-6-302014,TCP,10.76.187.67,172.30.0.4,59704,80,http,inbound,TCP FINs,(empty)
2013-04-14 02:20:46,Info,Built,ASA-6-302013,TCP,10.76.187.67,172.30.0.4,59710,80,http,inbound,(empty),(empty)
2013-04-14 02:20:46,Info,Teardown,ASA-6-302014,TCP,10.76.187.67,172.30.0.4,59710,80,http,inbound,TCP FINs,(empty)
2013-04-14 02:20:47,Info,Built,ASA-6-302013,TCP,10.12.237.111,172.30.0.3,59712,25,smtp,inbound,(empty),(empty)
2013-04-14 02:20:49,Info,Teardown,ASA-6-302014,TCP,10.170.148.64,172.20.0.3,59691,25,smtp,inbound,TCP FINs,(empty)
2013-04-14 02:20:50,Info,Teardown,ASA-6-302014,TCP,172.10.2.106,10.0.3.77,18345,22,22_tcp,outbound,TCP FINs,(empty)
2013-04-14 02:20:50,Info,Teardown,ASA-6-302014,TCP,172.20.1.23,10.0.3.77,18347,22,22_tcp,outbound,TCP FINs,(empty)
2013-04-14 02:20:50,Info,Teardown,ASA-6-302014,TCP,172.10.2.135,10.0.3.77,18346,22,22_tcp,outbound,TCP FINs,(empty)
2013-04-14 02:20:50,Info,Teardown,ASA-6-302014,TCP,172.10.2.66,10.0.3.77,18349,22,22_tcp,outbound,TCP FINs,(empty)
2013-04-14 02:20:50,Info,Teardown,ASA-6-302014,TCP,172.20.1.47,10.0.3.77,18348,22,22_tcp,outbound,TCP FINs,(empty)
2013-04-14 02:20:51,Info,Teardown,ASA-6-302014,TCP,172.20.1.81,10.0.3.77,18350,22,22_tcp,outbound,TCP FINs,(empty)
2013-04-14 02:20:51,Info,Teardown,ASA-6-302014,TCP,172.30.1.223,10.0.3.77,18352,22,22_tcp,outbound,TCP FINs,(empty)
2013-04-14 02:20:51,Info,Teardown,ASA-6-302014,TCP,172.30.1.218,10.0.3.77,18351,22,22_tcp,outbound,TCP FINs,(empty)
2013-04-14 02:20:53,Info,Built,ASA-6-302013,TCP,10.76.193.186,172.20.0.3,59722,25,smtp,inbound,(empty),(empty)
2013-04-14 02:20:57,Info,Teardown,ASA-6-302014,TCP,10.12.237.111,172.30.0.3,59712,25,smtp,inbound,TCP FINs,(empty)
2013-04-14 02:20:58,Info,Built,ASA-6-302013,TCP,10.88.25.4,172.10.0.3,59736,25,smtp,inbound,(empty),(empty)
2013-04-14 02:20:58,Info,Built,ASA-6-302013,TCP,10.51.88.167,172.30.0.3,59737,25,smtp,inbound,(empty),(empty)
2013-04-14 02:21:03,Info,Teardown,ASA-6-302014,TCP,10.76.193.186,172.20.0.3,59722,25,smtp,inbound,TCP FINs,(empty)
2013-04-14 02:21:08,Info,Teardown,ASA-6-302014,TCP,10.88.25.4,172.10.0.3,59736,25,smtp,inbound,TCP FINs,(empty)
2013-04-14 02:21:08,Info,Teardown,ASA-6-302014,TCP,10.51.88.167,172.30.0.3,59737,25,smtp,inbound,TCP FINs,(empty)
2013-04-14 02:21:26,Info,Built,ASA-6-302013,TCP,10.58.99.97,172.20.0.3,59762,25,smtp,inbound,(empty),(empty)
2013-04-14 02:21:35,Info,Built,ASA-6-302013,TCP,10.58.99.97,172.10.0.3,59773,25,smtp,inbound,(empty),(empty)
2013-04-14 02:21:36,Info,Teardown,ASA-6-302014,TCP,10.58.99.97,172.20.0.3,59762,25,smtp,inbound,TCP FINs,(empty)
2013-04-14 02:21:43,Info,Built,ASA-6-302013,TCP,10.0.3.77,172.30.0.3,59784,25,smtp,inbound,(empty),(empty)
2013-04-14 02:21:45,Info,Teardown,ASA-6-302014,TCP,10.58.99.97,172.10.0.3,59773,25,smtp,inbound,TCP FINs,(empty)
2013-04-14 02:21:53,Info,Teardown,ASA-6-302014,TCP,10.0.3.77,172.30.0.3,59784,25,smtp,inbound,TCP FINs,(empty)
2013-04-14 02:21:55,Info,Built,ASA-6-302013,TCP,10.89.101.53,172.10.0.3,59798,25,smtp,inbound,(empty),(empty)
2013-04-14 02:21:59,Info,Built,ASA-6-302013,TCP,10.57.105.44,172.20.0.3,59804,25,smtp,inbound,(empty),(empty)
2013-04-14 02:22:02,Info,Built,ASA-6-302013,TCP,10.138.78.75,172.30.0.3,59815,25,smtp,inbound,(empty),(empty)
2013-04-14 02:22:04,Info,Built,ASA-6-302013,TCP,10.32.42.116,172.10.0.3,59821,25,smtp,inbound,(empty),(empty)
2013-04-14 02:22:05,Info,Teardown,ASA-6-302014,TCP,10.89.101.53,172.10.0.3,59798,25,smtp,inbound,TCP FINs,(empty)
2013-04-14 02:22:09,Info,Teardown,ASA-6-302014,TCP,10.57.105.44,172.20.0.3,59804,25,smtp,inbound,TCP FINs,(empty)
2013-04-14 02:22:11,Info,Built,ASA-6-302013,TCP,10.77.101.2,172.10.0.3,59843,25,smtp,inbound,(empty),(empty)
2013-04-14 02:22:12,Info,Teardown,ASA-6-302014,TCP,10.138.78.75,172.30.0.3,59815,25,smtp,inbound,TCP FINs,(empty)
2013-04-14 02:22:13,Info,Built,ASA-6-302013,TCP,10.0.3.77,172.10.0.3,59851,25,smtp,inbound,(empty),(empty)
2013-04-14 02:22:14,Info,Teardown,ASA-6-302014,TCP,10.32.42.116,172.10.0.3,59821,25,smtp,inbound,TCP FINs,(empty)
2013-04-14 02:22:18,Info,Built,ASA-6-302013,TCP,10.13.77.4,172.20.0.3,59866,25,smtp,inbound,(empty),(empty)
2013-04-14 02:22:18,Info,Built,ASA-6-302013,TCP,10.38.37.229,172.20.0.3,59867,25,smtp,inbound,(empty),(empty)
2013-04-14 02:22:21,Info,Teardown,ASA-6-302014,TCP,10.77.101.2,172.10.0.3,59843,25,smtp,inbound,TCP FINs,(empty)
2013-04-14 02:22:23,Info,Teardown,ASA-6-302014,TCP,10.0.3.77,172.10.0.3,59851,25,smtp,inbound,TCP FINs,(empty)
2013-04-14 02:22:25,Info,Built,ASA-6-302013,TCP,10.18.37.65,172.30.0.3,59890,25,smtp,inbound,(empty),(empty)
2013-04-14 02:22:28,Info,Teardown,ASA-6-302014,TCP,10.13.77.4,172.20.0.3,59866,25,smtp,inbound,TCP FINs,(empty)
2013-04-14 02:22:28,Info,Teardown,ASA-6-302014,TCP,10.38.37.229,172.20.0.3,59867,25,smtp,inbound,TCP FINs,(empty)
2013-04-14 02:22:32,Info,Built,ASA-6-302013,TCP,10.88.52.24,172.10.0.3,59904,25,smtp,inbound,(empty),(empty)
2013-04-14 02:22:35,Info,Teardown,ASA-6-302014,TCP,10.18.37.65,172.30.0.3,59890,25,smtp,inbound,TCP FINs,(empty)
2013-04-14 02:22:36,Info,Built,ASA-6-302013,TCP,10.179.19.15,172.30.0.3,59913,25,smtp,inbound,(empty),(empty)
2013-04-14 02:24:24,Info,Built,ASA-6-302013,TCP,10.0.2.181,172.30.0.3,60083,25,smtp,inbound,(empty),(empty)
2013-04-14 02:24:29,Info,Teardown,ASA-6-302014,TCP,10.13.77.4,172.30.0.3,60075,25,smtp,inbound,TCP FINs,(empty)
2013-04-14 02:24:34,Info,Teardown,ASA-6-302014,TCP,10.0.2.181,172.30.0.3,60083,25,smtp,inbound,TCP FINs,(empty)
2013-04-14 02:24:35,Info,Built,ASA-6-302013,TCP,10.1.55.43,172.20.0.3,60099,25,smtp,inbound,(empty),(empty)
2013-04-14 02:24:45,Info,Teardown,ASA-6-302014,TCP,10.1.55.43,172.20.0.3,60099,25,smtp,inbound,TCP FINs,(empty)
2013-04-14 02:24:49,Info,Built,ASA-6-302013,TCP,10.18.37.65,172.20.0.3,60111,25,smtp,inbound,(empty),(empty)
2013-04-14 02:24:57,Info,Built,ASA-6-302013,TCP,10.0.2.181,172.10.0.3,60122,25,smtp,inbound,(empty),(empty)
2013-04-14 02:24:57,Info,Built,ASA-6-302013,TCP,10.43.51.79,172.30.0.3,60124,25,smtp,inbound,(empty),(empty)
2013-04-14 02:24:59,Info,Teardown,ASA-6-302014,TCP,10.18.37.65,172.20.0.3,60111,25,smtp,inbound,TCP FINs,(empty)
2013-04-14 02:25:07,Info,Teardown,ASA-6-302014,TCP,10.43.51.79,172.30.0.3,60124,25,smtp,inbound,TCP FINs,(empty)
2013-04-14 02:25:07,Info,Teardown,ASA-6-302014,TCP,10.0.2.181,172.10.0.3,60122,25,smtp,inbound,TCP FINs,(empty)
2013-04-14 02:25:08,Info,Built,ASA-6-302013,TCP,10.58.99.97,172.30.0.3,60147,25,smtp,inbound,(empty),(empty)
2013-04-14 02:25:18,Info,Teardown,ASA-6-302014,TCP,10.58.99.97,172.30.0.3,60147,25,smtp,inbound,TCP FINs,(empty)
2013-04-14 02:25:20,Info,Built,ASA-6-302013,TCP,10.62.15.101,172.10.0.3,60159,25,smtp,inbound,(empty),(empty)
2013-04-14 02:25:27,Info,Built,ASA-6-302013,TCP,10.77.101.2,172.20.0.3,60169,25,smtp,inbound,(empty),(empty)
2013-04-14 02:25:30,Info,Teardown,ASA-6-302014,TCP,10.62.15.101,172.10.0.3,60159,25,smtp,inbound,TCP FINs,(empty)
2013-04-14 02:25:37,Info,Teardown,ASA-6-302014,TCP,10.77.101.2,172.20.0.3,60169,25,smtp,inbound,TCP FINs,(empty)
2013-04-14 02:25:52,Info,Built,ASA-6-302013,TCP,10.62.15.101,172.30.0.3,60183,25,smtp,inbound,(empty),(empty)
